code,system
G64z.11,readv2
Fyu5700,readv2
G64z000,readv2
G6...00,readv2
4389.00,readv2
1477.00,readv2
Gyu6.00,readv2
G603.00,readv2
4309.00,readv2
G623.00,readv2
G606.00,readv2
G619.00,readv2
4319CE,readv2
G61z.00,readv2
G604.00,readv2
G61..11,readv2
Gyu6200,readv2
G614.00,readv2
G610.00,readv2
4310.00,readv2
G618.00,readv2
4319CR,readv2
G60..00,readv2
G61..12,readv2
G62z.00,readv2
G680.00,readv2
G605.00,readv2
G60z.00,readv2
G613.00,readv2
Gyu6000,readv2
G681.00,readv2
G615.00,readv2
662o.00,readv2
F117.00,readv2
Gyu6100,readv2
G61..00,readv2
G602.00,readv2
G617.00,readv2
G601.00,readv2
4300.00,readv2
14A7.12,readv2
1M4..00,readv2
8Hd6.00,readv2
7P24200,readv2
13YA.00,readv2
4369B,readv2
14AK.00,readv2
14A7.00,readv2
661M700,readv2
L440.00,readv2
L440.12,readv2
L440.11,readv2
G60X.00,readv2
G66..11,readv2
L440000,readv2
G61X000,readv2
G61X100,readv2
Gyu6E00,readv2
G66..13,readv2
Gyu6D00,readv2
G66..00,readv2
G62..00,readv2
G68W.00,readv2
G66..12,readv2
G611.00,readv2
G616.00,readv2
G676000,readv2
G677.00,readv2
G63y000,readv2
ZV12511,readv2
ZV12512,readv2
Gyu6600,readv2
G677200,readv2
G634.00,readv2
G631.11,readv2
G677100,readv2
G677300,readv2
G677000,readv2
G657.00,readv2
G65..12,readv2
G65zz00,readv2
G65..00,readv2
8CRB.00,readv2
G65z100,readv2
G65y.00,readv2
4350.00,readv2
G65z.00,readv2
8HBJ.00,readv2
9Om..00,readv2
9Om3.00,readv2
G63..12,readv2
G63z.00,readv2
G63y.00,readv2
G63..11,readv2
G63y100,readv2
Gyu6500,readv2
G63..00,readv2
9h2..00,readv2
G64..11,readv2
G632.00,readv2
G64..00,readv2
G630.00,readv2
G64..13,readv2
G631.00,readv2
7A20311,readv2
7A20300,readv2
G653.00,readv2
Gyu6F00,readv2
G61X.00,readv2
Gyu6G00,readv2
Gyu6300,readv2
G6W..00,readv2
G6X..00,readv2
G665.00,readv2
G666.00,readv2
Gyu6700,readv2
G6y..00,readv2
S62..12,readv2
S63z.00,readv2
G667.00,readv2
G641000,readv2
G641.00,readv2
G68X.00,readv2
G64..12,readv2
Gyu6400,readv2
G64z200,readv2
G64z.00,readv2
G683.00,readv2
F124.00,readv2
G679.00,readv2
G600.00,readv2
4380.00,readv2
1JA1.00,readv2
G663.00,readv2
P7y0z00,readv2
P7y0.00,readv2
9Om2.00,readv2
9Om1.00,readv2
9Om0.00,readv2
G640.00,readv2
G640000,readv2
9h22.00,readv2
9h21.00,readv2
Q417000,readv2
Q200011,readv2
G6z..00,readv2
G67z.00,readv2
38G3.00,readv2
E030400,readv2
E031400,readv2
662M.00,readv2
G661.00,readv2
7A20400,readv2
G662.00,readv2
G64z400,readv2
G612.00,readv2
8IEC.00,readv2
8HHM.00,readv2
G671.00,readv2
G671z00,readv2
662M100,readv2
P7y0y00,readv2
G64z100,readv2
G660.00,readv2